json_filename, nombre d'offres
2025-03-02--18h36__extraction_occurence_1.json,13419
2025-04-09--14h19__extraction_occurence_2.json,26604
2025-04-12--21h41__extraction_occurence_3.json,29412
2025-04-24--02h39__extraction_occurence_4.json,35664
2025-05-09--09h24__extraction_occurence_5.json,43546
2025-05-16--19h15__extraction_occurence_6.json,47594
2025-05-21--20h06__extraction_occurence_7.json,50617
2025-06-12--18h12__extraction_occurence_8.json,61116
2025-06-17--00h39__extraction_occurence_9.json,63200
2025-06-18--22h55__extraction_occurence_10.json,64764
2025-06-20--00h57__extraction_occurence_11.json,65824
2025-06-28--00h21__extraction_occurence_12.json,71355
2025-07-04--19h39__extraction_occurence_13.json,76392
2025-07-06--08h26__extraction_occurence_14.json,77135
2025-07-06--17h27__extraction_occurence_15.json,77139
2025-07-06--19h05__extraction_occurence_16.json,77139
2025-07-06--19h43__extraction_occurence_17.json,77139
2025-07-06--21h14__extraction_occurence_18.json,77139
2025-07-07--12h30__extraction_occurence_19.json,77441
2025-07-07--16h11__extraction_occurence_20.json,77698
2025-07-07--19h56__extraction_occurence_21.json,77716
2025-07-08--13h24__extraction_occurence_22.json,78068
2025-07-09--20h35__extraction_occurence_23.json,79306
2025-07-10--01h06__extraction_occurence_24.json,79328
2025-07-10--08h46__extraction_occurence_25.json,79448
2025-07-10--21h10__extraction_occurence_26.json,80889
2025-07-11--23h26__extraction_occurence_27.json,82003
2025-07-12--12h52__extraction_occurence_28.json,82654
2025-07-12--19h56__extraction_occurence_29.json,82789
2025-07-12--22h38__extraction_occurence_30.json,82789
2025-07-13--19h36__extraction_occurence_31.json,84195
2025-07-14--21h52__extraction_occurence_32.json,84229
2025-07-15--21h04__extraction_occurence_33.json,84575
2025-07-16--19h37__extraction_occurence_34.json,85585
